# total_frames:1 beg:0 end:0 stride:1 interaction_types:hp,sb,pc,ps,ts,vdw,hb
# Columns: frame, interaction_type, atom_1, atom_2[, atom_3[, atom_4]]
0	sb	A:LYS:27:NZ	B:GLU:11:OE2
0	sb	A:GLU:51:OE2	B:LYS:298:NZ
0	sb	A:LYS:93:NZ	B:GLU:259:OE2
0	pc	A:HIS:30:ND1	B:TYR:127:CE1
0	vdw	A:ALA:127:CB	B:GLU:129:OE2
0	vdw	A:GLU:51:C	B:HOH:323:O
0	vdw	A:GLU:51:O	B:HOH:323:O
0	vdw	A:ASN:53:N	B:HOH:323:O
0	vdw	A:GLN:14:OE1	B:ARG:163:NE
0	vdw	A:GLU:25:OE1	B:ASN:30:CB
0	vdw	A:GLU:25:OE2	B:ASN:30:CB
0	vdw	A:GLU:25:OE2	B:PRO:31:CD
0	vdw	A:GLU:128:N	B:GLU:129:OE1
0	vdw	A:GLU:128:CB	B:GLU:129:OE1
0	vdw	A:GLU:128:N	B:GLU:129:OE2
0	vdw	A:GLU:128:N	B:GLU:129:CD
0	vdw	A:GLU:51:CB	B:LYS:298:NZ
0	vdw	A:GLU:51:CG	B:LYS:298:NZ
0	vdw	A:GLU:51:CB	B:HOH:323:O
0	vdw	A:GLU:128:OE1	B:TYR:127:N
0	vdw	A:GLU:128:OE1	B:TYR:127:CD1
0	vdw	A:GLU:128:OE1	B:TYR:127:CA
0	vdw	A:GLN:14:CA	B:VAL:124:CG2
0	vdw	A:GLN:14:C	B:VAL:124:CG2
0	vdw	A:GLU:105:CB	B:THR:300:CB
0	vdw	A:GLU:105:CB	B:THR:300:CG2
0	vdw	A:ASN:53:ND2	B:ILE:303:CG1
0	vdw	A:ASN:53:ND2	B:ILE:303:CD1
0	vdw	A:LYS:94:N	B:GLU:252:OE1
0	vdw	A:LYS:94:CE	B:ASP:251:CA
0	vdw	A:LYS:94:CE	B:GLU:252:N
0	vdw	A:LYS:94:CB	B:GLU:252:OE1
0	vdw	A:LYS:94:CG	B:GLU:252:CB
0	vdw	A:LYS:94:CG	B:GLU:252:OE1
0	vdw	A:LYS:27:NZ	B:GLU:11:OE2
0	vdw	A:GLN:48:CD	B:VAL:249:CG1
0	vdw	A:GLN:48:OE1	B:VAL:249:CG1
0	vdw	A:GLN:48:NE2	B:TYR:261:OH
0	vdw	A:GLU:128:CG	B:TYR:127:CZ
0	vdw	A:GLU:128:CG	B:TYR:127:CE1
0	vdw	A:GLU:128:CG	B:TYR:127:CE2
0	vdw	A:GLU:128:CG	B:TYR:127:CG
0	vdw	A:GLU:128:CG	B:TYR:127:CD2
0	vdw	A:GLU:128:CD	B:TYR:127:CE1
0	vdw	A:GLU:128:CD	B:TYR:127:CD1
0	vdw	A:HIS:30:CB	B:PHE:111:CD1
0	vdw	A:HIS:30:CG	B:PRO:126:CB
0	vdw	A:HIS:30:CG	B:PRO:126:CG
0	vdw	A:HIS:30:ND1	B:PRO:126:CB
0	vdw	A:HIS:30:CD2	B:GLN:113:NE2
0	vdw	A:HIS:30:NE2	B:VAL:124:CG1
0	vdw	A:GLN:15:CB	B:GLN:113:CD
0	vdw	A:GLN:14:O	B:VAL:124:CG1
0	vdw	A:GLN:14:O	B:VAL:124:CB
0	vdw	A:GLN:14:O	B:VAL:124:CG2
0	vdw	A:GLU:105:CD	B:THR:300:OG1
0	vdw	A:GLU:105:CD	B:THR:300:CG2
0	vdw	A:GLU:105:OE1	B:THR:300:CG2
0	vdw	A:GLN:15:NE2	B:GLY:122:O
0	vdw	A:GLN:15:NE2	B:LEU:115:CD2
0	vdw	A:GLN:15:NE2	B:LYS:114:O
0	vdw	A:ASN:108:CG	B:ASN:204:ND2
0	vdw	A:ASN:108:OD1	B:ASN:204:CG
0	vdw	A:ASN:108:OD1	B:ASN:204:ND2
0	vdw	A:ASN:108:OD1	B:ASN:204:CB
0	vdw	A:ASN:108:ND2	B:ASN:204:ND2
0	vdw	A:GLU:105:OE2	B:THR:300:OG1
0	vdw	A:LYS:92:CA	B:GLU:252:OE2
0	vdw	A:LYS:92:CB	B:GLU:252:OE1
0	vdw	A:LYS:92:CB	B:GLU:252:OE2
0	vdw	A:LYS:93:N	B:GLU:252:CD
0	vdw	A:LYS:93:N	B:GLU:252:OE2
0	vdw	A:LYS:93:CE	B:TYR:261:OH
0	vdw	A:LYS:93:CG	B:GLU:252:CB
0	vdw	A:LYS:93:CG	B:GLU:252:CG
0	vdw	A:LYS:93:CG	B:GLU:252:CD
0	vdw	A:LYS:93:CE	B:ILE:250:O
0	vdw	A:LYS:93:NZ	B:GLU:259:OE2
0	vdw	A:LYS:93:NZ	B:ILE:250:O
0	vdw	A:LYS:93:NZ	B:TYR:261:OH
0	vdw	A:PHE:46:CG	B:ILE:240:CG2
0	vdw	A:PHE:46:CD1	B:ILE:240:CG2
0	vdw	A:PHE:46:CD2	B:ILE:240:CG2
0	vdw	A:PHE:46:CE1	B:ILE:240:CG2
0	vdw	A:PHE:46:CZ	B:ILE:240:CG2
0	vdw	A:HIS:30:O	B:PHE:111:CE1
0	vdw	A:LEU:31:N	B:HOH:320:O
0	vdw	A:PHE:150:CZ	B:SER:238:CB
0	vdw	A:HOH:161:O	B:LYS:112:O
0	vdw	A:PRO:2:C	B:TYR:261:CD1
0	vdw	A:PRO:2:O	B:TYR:261:CD1
0	vdw	A:PRO:2:O	B:TYR:261:CE1
0	vdw	A:ARG:4:CB	B:HOH:325:O
0	vdw	A:ASP:35:CG	B:ILE:13:CG1
0	vdw	A:ARG:4:CD	B:HOH:328:O
0	vdw	A:ARG:4:NE	B:HOH:328:O
0	vdw	A:ARG:4:CZ	B:SER:263:OG
0	vdw	A:ARG:4:NH1	B:SER:263:CB
0	vdw	A:ARG:4:NH1	B:SER:263:OG
0	vdw	A:ARG:4:CZ	B:LEU:237:O
0	vdw	A:GLN:32:OE1	B:VAL:16:N
0	vdw	A:GLN:32:NE2	B:ALA:109:O
0	vdw	A:GLN:32:NE2	B:VAL:16:O
0	vdw	A:GLN:32:OE1	B:ILE:14:O
0	vdw	A:GLN:32:NE2	B:LEU:15:CD1
0	vdw	A:GLN:32:NE2	B:PHE:111:CE1
0	vdw	A:GLN:32:NE2	B:PHE:111:CZ
0	vdw	A:GLN:32:CA	B:ILE:110:O
0	vdw	A:GLN:32:C	B:ILE:110:O
0	vdw	A:GLN:32:CB	B:ILE:110:O
0	vdw	A:GLN:32:CG	B:ILE:110:C
0	vdw	A:GLN:32:CG	B:ILE:110:O
0	vdw	A:GLN:32:CG	B:PHE:111:CE1
0	vdw	A:GLN:32:CG	B:ALA:109:C
0	vdw	A:LEU:31:C	B:PHE:111:CD1
0	vdw	A:LEU:31:O	B:PHE:111:CD1
0	vdw	A:LEU:31:O	B:PHE:111:CA
0	vdw	A:LEU:31:O	B:HOH:320:O
0	vdw	A:ARG:11:CZ	B:LYS:114:CE
0	vdw	A:ARG:11:CZ	B:LYS:114:NZ
0	vdw	A:ARG:11:NH2	B:LYS:114:CE
0	vdw	A:ARG:11:NH2	B:LYS:114:NZ
0	vdw	A:LEU:6:CD1	B:LEU:237:O
0	vdw	A:LEU:6:CD1	B:SER:238:CA
0	vdw	A:ARG:4:NH2	B:ASP:239:O
0	vdw	A:ARG:4:NH2	B:LEU:275:CD2
0	vdw	A:ARG:4:NH2	B:SER:263:OG
0	vdw	A:ARG:4:NH2	B:LEU:237:C
0	vdw	A:ARG:4:NH2	B:LEU:237:O
0	vdw	A:ARG:11:NH1	B:LYS:114:CE
0	vdw	A:ARG:11:NH1	B:LYS:114:NZ
0	vdw	A:ALA:1:CB	B:TYR:261:O
0	vdw	A:ALA:1:N	B:ASP:260:OD1
0	vdw	A:ALA:1:O	B:ASP:260:OD1
0	vdw	A:ALA:1:O	B:ASP:260:CA
0	vdw	A:ALA:1:N	B:TYR:261:O
0	vdw	A:ALA:1:O	B:ASP:260:C
0	vdw	A:ALA:1:O	B:TYR:261:N
0	vdw	A:ALA:1:O	B:TYR:261:CA
0	vdw	A:ALA:1:O	B:TYR:261:CD1
0	vdw	A:GLN:38:NE2	B:LYS:12:CD
0	vdw	A:GLN:34:NE2	B:ILE:14:O
0	vdw	A:GLN:34:OE1	B:GLN:108:O
0	vdw	A:GLY:33:N	B:ILE:110:O
0	vdw	A:GLY:33:CA	B:LYS:112:NZ
0	vdw	A:GLY:33:C	B:LYS:112:NZ
0	vdw	A:GLY:33:O	B:LYS:112:NZ
0	vdw	A:SER:152:CB	B:GLU:265:OE2
0	hbss	A:ARG:4:NH1	B:SER:263:OG
0	hbss	A:LYS:93:NZ	B:GLU:259:OE2
0	hbss	A:ARG:11:NH2	B:LYS:114:NZ
0	hbsb	A:GLY:33:O	B:LYS:112:NZ
0	hbss	A:ASN:108:OD1	B:ASN:204:ND2
0	hbsb	A:ARG:4:NH2	B:ASP:239:O
0	hbss	A:ARG:4:NH2	B:SER:263:OG
0	hbbb	A:ALA:1:N	B:TYR:261:O
0	hbsb	A:GLN:15:NE2	B:GLY:122:O
0	hbsb	A:GLU:128:OE1	B:TYR:127:N
0	hbsb	A:LYS:94:N	B:GLU:252:OE1
0	hbbb	A:GLY:33:N	B:ILE:110:O
0	hbsb	A:GLU:128:N	B:GLU:129:OE1
0	hbss	A:LYS:27:NZ	B:GLU:11:OE2
0	hbss	A:ASN:108:ND2	B:ASN:204:ND2
0	hbss	A:GLU:105:OE2	B:THR:300:OG1
0	hbbb	A:ALA:1:O	B:TYR:261:N
0	hbsb	A:GLN:32:OE1	B:VAL:16:N
0	hbsb	A:LYS:93:N	B:GLU:252:OE2
0	hbsb	A:GLN:32:NE2	B:VAL:16:O
0	hbsb	A:GLN:15:NE2	B:LYS:114:O
0	hbsb	A:ARG:4:NH2	B:LEU:237:O
0	hbss	A:ARG:11:NH1	B:LYS:114:NZ
0	hbss	A:GLN:14:OE1	B:ARG:163:NE
0	hbsb	A:ALA:1:N	B:ASP:260:OD1
0	hbsb	A:LYS:93:NZ	B:ILE:250:O
0	wb	A:ARG:4:NE	B:ALA:241:N	B:HOH:328:O
0	wb	A:ARG:4:NE	B:ALA:241:O	B:HOH:328:O
0	wb2	A:ARG:4:NE	B:ALA:241:N	B:HOH:328:O	B:HOH:325:O
0	wb2	A:ARG:4:NE	B:ALA:241:O	B:HOH:328:O	B:HOH:325:O
0	wb	A:GLU:51:O	B:LYS:298:NZ	B:HOH:323:O
0	wb	A:ARG:11:NE	B:LYS:112:O	A:HOH:161:O
0	wb	A:LEU:31:N	B:LYS:112:O	B:HOH:320:O
0	wb	A:LEU:31:O	B:LYS:112:O	B:HOH:320:O
0	wb2	A:ARG:4:NE	B:TYR:262:O	B:HOH:328:O	B:HOH:319:O
0	wb2	A:ARG:4:NE	B:ILE:276:O	B:HOH:328:O	B:HOH:319:O
0	wb2	A:ARG:4:NE	B:THR:277:OG1	B:HOH:328:O	B:HOH:319:O
