"","1ITB_contact","3O4O_contact","status"
"1","K27-E28","c(""K"", ""K"")27-character(0)28","1ITB_unique"
"2","E51-K315","character(0)63-character(0)300","1ITB_unique"
"3","K93-E276","character(0)105-character(0)-1","1ITB_unique"
"4","H30-Y144","c(""H"", ""H"", ""H"")30-character(0)154","1ITB_unique"
"5","A127-E146","character(0)137-character(0)156","1ITB_unique"
"6","E51-NA323","character(0)63-character(0)307","1ITB_unique"
"7","N53-NA323","character(0)65-character(0)307","1ITB_unique"
"8","Q14-R180","c(""Q"", ""Q"")14-character(0)191","1ITB_unique"
"9","E25-N47","character(0)25-character(0)47","1ITB_unique"
"10","E25-P48","character(0)25-character(0)48","1ITB_unique"
"11","E128-E146","character(0)138-character(0)156","1ITB_unique"
"12","E128-Y144","character(0)138-character(0)154","1ITB_unique"
"13","Q14-V141","c(""Q"", ""Q"")14-character(0)151","1ITB_unique"
"14","E105-T317","character(0)117-character(0)302","1ITB_unique"
"15","N53-I320","character(0)65-character(0)304","1ITB_unique"
"16","K94-E269","character(0)106-character(0)283","1ITB_unique"
"17","K94-D268","character(0)106-R282","1ITB_unique"
"18","Q48-V266","c(""Q"", ""Q"")48-character(0)280","1ITB_unique"
"19","Q48-Y278","c(""Q"", ""Q"")48-character(0)-1","1ITB_unique"
"20","E128-Y1289","character(0)138-NANA","1ITB_unique"
"21","H30-F128","c(""H"", ""H"", ""H"")30-c(""V"", ""V"")138","1ITB_unique"
"22","H30-P143","c(""H"", ""H"", ""H"")30-character(0)153","1ITB_unique"
"23","H30-Q130","c(""H"", ""H"", ""H"")30-P140","1ITB_unique"
"24","H30-V141","c(""H"", ""H"", ""H"")30-character(0)151","1ITB_unique"
"25","Q15-Q130","c(""Q"", ""Q"", ""Q"", ""Q"")15-P140","1ITB_unique"
"26","Q15-G139","c(""Q"", ""Q"", ""Q"", ""Q"")15-character(0)149","1ITB_unique"
"27","Q15-L132","c(""Q"", ""Q"", ""Q"", ""Q"")15-L142","1ITB_unique"
"28","Q15-K131","c(""Q"", ""Q"", ""Q"", ""Q"")15-D141","1ITB_unique"
"29","N108-N221","character(0)120-character(0)232","1ITB_unique"
"30","K92-E269","character(0)104-character(0)283","1ITB_unique"
"31","K93-E269","character(0)105-character(0)283","1ITB_unique"
"32","K93-Y278","character(0)105-character(0)-1","1ITB_unique"
"33","K93-I267","character(0)105-character(0)281","1ITB_unique"
"34","F46-I257","F46-character(0)271","1ITB_unique"
"35","L31-NA320","c(""L"", ""L"")31-character(0)304","1ITB_unique"
"36","F150-S255","character(0)160-E269","1ITB_unique"
"37","NA161-K129","character(0)170-character(0)139","1ITB_unique"
"38","P2-Y278","character(0)2-character(0)-1","1ITB_unique"
"39","R4-NA325","c(""R"", ""R"")4-character(0)309","1ITB_unique"
"40","D35-I30","c(""D"", ""D"", ""D"")35-character(0)30","1ITB_unique"
"41","R4-NA328","c(""R"", ""R"")4-character(0)312","1ITB_unique"
"42","R4-S280","c(""R"", ""R"")4-character(0)-1","1ITB_unique"
"43","R4-L254","c(""R"", ""R"")4-character(0)268","1ITB_unique"
"44","Q32-V33","c(""Q"", ""Q"", ""Q"", ""Q"", ""Q"")32-character(0)33","1ITB_unique"
"45","Q32-A126","c(""Q"", ""Q"", ""Q"", ""Q"", ""Q"")32-c(""V"", ""V"")136","1ITB_unique"
"46","Q32-I31","c(""Q"", ""Q"", ""Q"", ""Q"", ""Q"")32-character(0)31","1ITB_unique"
"47","Q32-L32","c(""Q"", ""Q"", ""Q"", ""Q"", ""Q"")32-character(0)32","1ITB_unique"
"48","Q32-F128","c(""Q"", ""Q"", ""Q"", ""Q"", ""Q"")32-c(""V"", ""V"")138","1ITB_unique"
"49","Q32-I127","c(""Q"", ""Q"", ""Q"", ""Q"", ""Q"")32-character(0)137","1ITB_unique"
"50","L31-F128","c(""L"", ""L"")31-c(""V"", ""V"")138","1ITB_unique"
"51","R11-K131","R11-D141","1ITB_unique"
"52","L6-L254","character(0)6-character(0)268","1ITB_unique"
"53","L6-S255","character(0)6-E269","1ITB_unique"
"54","R4-D256","c(""R"", ""R"")4-character(0)270","1ITB_unique"
"55","R4-L292","c(""R"", ""R"")4-character(0)-1","1ITB_unique"
"56","A1-Y278","character(0)1-character(0)-1","1ITB_unique"
"57","A1-D277","character(0)1-character(0)-1","1ITB_unique"
"58","Q38-K29","Q38-character(0)29","1ITB_unique"
"59","Q34-I31","c(""Q"", ""Q"")34-character(0)31","1ITB_unique"
"60","Q34-Q125","c(""Q"", ""Q"")34-character(0)135","1ITB_unique"
"61","G33-I127","c(""G"", ""G"")33-character(0)137","1ITB_unique"
"62","G33-K129","c(""G"", ""G"")33-character(0)139","1ITB_unique"
"63","S152-E282","character(0)161-character(0)-1","1ITB_unique"
"64","R4-A258","c(""R"", ""R"")4-character(0)272","1ITB_unique"
"65","R4-A258","c(""R"", ""R"")4-character(0)272","1ITB_unique"
"66","E51-K315","character(0)63-character(0)300","1ITB_unique"
"67","R11-K129","R11-character(0)139","1ITB_unique"
"68","L31-K129","c(""L"", ""L"")31-character(0)139","1ITB_unique"
"69","R4-Y279","c(""R"", ""R"")4-character(0)-1","1ITB_unique"
"70","R4-I293","c(""R"", ""R"")4-character(0)-1","1ITB_unique"
"71","R4-T294","c(""R"", ""R"")4-character(0)-1","1ITB_unique"
"72",NA,"D35-R24","3O4O_unique"
"73",NA,"K94-H267","3O4O_unique"
"74",NA,"S21-Q39","3O4O_unique"
"75",NA,"S21-Y22","3O4O_unique"
"76",NA,"Y24-Q39","3O4O_unique"
"77",NA,"Q38-Y22","3O4O_unique"
"78",NA,"Q34-R24","3O4O_unique"
"79",NA,"D35-Y22","3O4O_unique"
"80",NA,"D35-K23","3O4O_unique"
"81",NA,"Q34-F26","3O4O_unique"
"82",NA,"K27-Y22","3O4O_unique"
"83",NA,"K27-Q39","3O4O_unique"
"84",NA,"L29-Y22","3O4O_unique"
"85",NA,"N129-Y22","3O4O_unique"
"86",NA,"Q32-F26","3O4O_unique"
"87",NA,"Q32-R27","3O4O_unique"
"88",NA,"Q32-Y125","3O4O_unique"
"89",NA,"M36-P126","3O4O_unique"
"90",NA,"G33-S124","3O4O_unique"
"91",NA,"G33-P126","3O4O_unique"
"92",NA,"L31-Y125","3O4O_unique"
"93",NA,"L31-P126","3O4O_unique"
"94",NA,"Q32-S124","3O4O_unique"
"95",NA,"H30-K23","3O4O_unique"
"96",NA,"M130-L44","3O4O_unique"
"97",NA,"Q32-I123","3O4O_unique"
"98",NA,"K93-E269","3O4O_unique"
"99",NA,"R4-R282","3O4O_unique"
"100",NA,"H30-P140","3O4O_unique"
"101",NA,"H30-V138","3O4O_unique"
"102",NA,"E128-D141","3O4O_unique"
"103",NA,"E128-L142","3O4O_unique"
"104",NA,"R4-M258","3O4O_unique"
"105",NA,"F46-M258","3O4O_unique"
"106",NA,"Q15-I128","3O4O_unique"
"107",NA,"Q15-Q127","3O4O_unique"
"108",NA,"R11-P126","3O4O_unique"
"109",NA,"Q14-V138","3O4O_unique"
"110",NA,"Q15-V136","3O4O_unique"
"111",NA,"Q48-W260","3O4O_unique"
"112",NA,"Q48-H267","3O4O_unique"
"113",NA,"K103-T2561","3O4O_unique"
"114",NA,"Q15-L129","3O4O_unique"
"115",NA,"S13-V136","3O4O_unique"
"116",NA,"Q14-H178","3O4O_unique"
"117",NA,"E51-F321","3O4O_unique"
"118",NA,"E51-W260","3O4O_unique"
"119",NA,"I56-H316","3O4O_unique"
"120",NA,"I56-T2561","3O4O_unique"
"121",NA,"S52-H316","3O4O_unique"
"122",NA,"N107-K218","3O4O_unique"
"123",NA,"N53-F321","3O4O_unique"
