interaction,interaction_type
B:ARG:308:NH2-B:ASP:265:OD1,sb
A:LYS:109:NZ-B:GLU:132:OE2,sb
C:ARG:27:NH2-C:ASP:141:OD2,sb
B:ARG:71:NH2-B:ASP:88:OD1,sb
C:ASP:188:OD2-C:LYS:169:NZ,sb
C:GLU:187:OE1-C:LYS:169:NZ,sb
B:ARG:315:NH2-B:GLU:259:OE2,sb
A:ARG:98:NH1-A:GLU:83:OE2,sb
C:ARG:214:NH2-C:GLU:212:OE2,sb
B:GLU:240:OE2-B:LYS:236:NZ,sb
A:ASP:54:OD2-B:ARG:286:NH1,sb
B:ASP:77:OD2-B:LYS:76:NZ,sb
C:ARG:27:NH2-C:GLU:25:OE2,sb
B:GLU:288:OE2-B:LYS:128:NZ,sb
A:ARG:98:NH2-A:GLU:83:OE1,sb
B:ASP:275:OD2-B:LYS:299:NZ,sb
A:ASP:35:OD1-C:ARG:24:NH2,sb
B:ARG:71:NH1-B:ASP:88:OD1,sb
B:ARG:82:NH1-B:GLU:75:OE1,sb
A:GLU:105:OE1-A:LYS:103:NZ,sb
C:ARG:16:NH1-C:ASP:104:OD1,sb
B:ARG:71:NH2-B:ASP:88:OD2,sb
B:ARG:82:NH2-B:GLU:198:OE2,sb
B:GLU:21:OE1-B:LYS:114:NZ,sb
C:GLU:201:OE2-C:HIS:200:NE2,sb
B:ARG:292:NH2-B:GLU:290:OE1,sb
A:ARG:98:NH1-A:GLU:83:OE1,sb
B:ARG:315:NH2-B:GLU:259:OE1,sb
C:GLU:187:OE2-C:LYS:169:NZ,sb
A:GLU:25:OE2-A:LYS:27:NZ,sb
B:GLU:288:OE1-B:LYS:128:NZ,sb
C:ASP:141:OD2-C:LYS:23:NZ,sb
A:ARG:98:NH2-A:GLU:96:OE2,sb
C:ARG:147:NH2-C:GLU:144:OE2,sb
C:LYS:246:NZ-C:TYR:285:CE1,pc
C:ARG:147:NH1-C:TRP:43:CD2,pc
B:ARG:82:NH2-B:TRP:80:CD2,pc
B:ARG:207:NH1-B:TYR:146:CE1,pc
C:HIS:200:ND1-C:TRP:81:CD2,pc
B:ARG:82:NH1-B:TRP:80:CD2,pc
C:HIS:21:ND1-C:TYR:22:CE1,pc
C:HIS:21:NE2-C:TYR:22:CE1,pc
B:HIS:313:ND1-B:TRP:261:CD2,pc
C:ARG:147:NH2-C:TRP:43:CD2,pc
C:HIS:200:NE2-C:TRP:81:CD2,pc
B:LYS:326:NZ-B:TYR:310:CE1,pc
B:ARG:201:NH2-B:PHE:203:CE1,pc
B:HIS:313:NE2-B:TRP:261:CD2,pc
A:LYS:94:NZ-C:HIS:267:CD2,pc
B:HIS:231:ND1-C:PHE:248:CE1,pc
C:LYS:58:NZ-C:TYR:93:CE1,pc
B:LYS:114:NZ-B:PHE:18:CE1,pc
B:HIS:231:NE2-C:PHE:248:CE1,pc
B:ARG:201:NH1-B:PHE:203:CE1,pc
C:ARG:111:NH2-C:PHE:113:CE1,pc
B:ARG:207:NH2-B:TYR:146:CE1,pc
C:LYS:158:NZ-C:TYR:192:CE1,pc
C:ARG:36:NH2-C:TRP:45:CD2,pc
C:HIS:316:NE2-C:PHE:321:CE1,pc
B:HIS:313:CD2-B:TRP:261:CD2,ps
B:PHE:107:CE1-B:TYR:92:CE1,ps
B:HIS:231:CD2-C:PHE:248:CE1,ps
B:PHE:147:CE1-B:TYR:196:CE1,ps
C:TRP:43:CD2-C:TRP:45:CD2,ps
C:HIS:316:CD2-C:PHE:321:CE1,ts
C:HIS:267:CD2-C:TRP:260:CD2,ts
