"interaction_type","atom1","atom2","source"
"sb","B:GLU:72:OE1","B:LYS:70:NZ","1ITB"
"sb","B:ARG:25:NH2","B:ASP:23:OD2","1ITB"
"sb","B:ARG:56:NH2","B:ASP:73:OD1","1ITB"
"sb","B:ASP:44:OD1","B:LYS:46:NZ","1ITB"
"sb","B:ARG:287:NH2","B:GLU:285:OE1","1ITB"
"sb","B:ARG:89:NH2","B:GLU:8:OE1","1ITB"
"sb","A:GLU:128:OE1","A:HIS:30:ND1","1ITB"
"sb","B:GLU:33:OE2","B:LYS:35:NZ","1ITB"
"sb","B:ASP:43:OD2","B:HIS:76:ND1","1ITB"
"sb","A:GLU:96:OE2","A:LYS:92:NZ","1ITB"
"sb","A:GLU:51:OE2","B:LYS:298:NZ","1ITB"
"sb","A:ASP:54:OD1","A:LYS:55:NZ","1ITB"
"sb","B:ARG:174:NH2","B:GLU:171:OE1","1ITB"
"sb","A:ASP:75:OD1","A:LYS:74:NZ","1ITB"
"sb","B:ASP:43:OD1","B:HIS:76:ND1","1ITB"
"sb","A:LYS:93:NZ","B:GLU:259:OE2","1ITB"
"sb","B:ASP:153:OD2","B:HIS:156:ND1","1ITB"
"sb","B:GLU:33:OE1","B:LYS:35:NZ","1ITB"
"sb","A:LYS:27:NZ","B:GLU:11:OE2","1ITB"
"sb","B:ARG:56:NH2","B:ASP:73:OD2","1ITB"
"sb","A:GLU:96:OE1","A:LYS:92:NZ","1ITB"
"pc","B:HIS:173:ND1","B:PHE:157:CE1","1ITB"
"pc","B:ARG:287:NH2","B:TRP:245:CD2","1ITB"
"pc","B:HIS:180:ND1","B:TYR:144:CE1","1ITB"
"pc","B:ARG:25:NH2","B:PHE:96:CE1","1ITB"
"pc","B:HIS:180:NE2","B:TYR:144:CE1","1ITB"
"pc","B:HIS:291:ND1","B:TRP:245:CD2","1ITB"
"pc","A:ARG:98:NH1","A:PHE:99:CE1","1ITB"
"pc","B:ARG:89:NH1","B:TYR:78:CE1","1ITB"
"pc","A:HIS:30:ND1","B:TYR:127:CE1","1ITB"
"pc","B:ARG:9:NH2","B:TYR:86:CE1","1ITB"
"pc","B:LYS:244:NZ","B:PHE:296:CE1","1ITB"
"pc","B:LYS:145:NZ","B:TYR:177:CE1","1ITB"
"ps","B:TRP:65:CD2","B:TYR:185:CE1","1ITB"
"ps","B:TYR:289:CE1","B:TYR:312:CE1","1ITB"
"hbsb","B:ASP:254:OD1","B:VAL:256:N","1ITB"
"hbss","A:LYS:27:NZ","B:GLU:11:OE2","1ITB"
"hbbb","A:LEU:62:N","A:LEU:67:O","1ITB"
"hbbb","A:PRO:57:O","A:VAL:47:N","1ITB"
"hbbb","B:ALA:297:O","B:ASP:304:N","1ITB"
"hbbb","A:LEU:60:O","A:LEU:69:N","1ITB"
"hbbb","B:ASN:136:N","B:GLU:134:N","1ITB"
"hbsb","B:ARG:194:NH1","B:THR:193:O","1ITB"
"hbbb","B:ILE:196:N","B:TYR:177:O","1ITB"
"hbbb","B:TYR:183:N","B:TYR:190:O","1ITB"
"hbbb","A:ARG:4:O","A:PHE:46:N","1ITB"
"hbbb","B:GLN:113:O","B:ILE:199:N","1ITB"
"hbbb","B:ASN:232:O","B:SER:213:N","1ITB"
"hbbb","B:LEU:275:O","B:VAL:233:N","1ITB"
"hbss","A:ASN:108:ND2","B:ASN:204:ND2","1ITB"
"hbbb","A:GLU:25:O","A:SER:21:N","1ITB"
"hbsb","B:GLN:113:OE1","B:VAL:124:N","1ITB"
"hbsb","B:ALA:107:N","B:GLU:100:OE1","1ITB"
"hbsb","B:ASP:239:OD2","B:GLN:236:N","1ITB"
"hbsb","B:GLN:59:NE2","B:TRP:40:N","1ITB"
"hbbb","B:ALA:109:N","B:ASN:106:O","1ITB"
"hbbb","B:GLY:121:N","B:VAL:166:O","1ITB"
"hbbb","B:ASN:154:N","B:PHE:157:O","1ITB"
"hbbb","B:ILE:199:O","B:LEU:115:N","1ITB"
"hbbb","B:LYS:42:N","B:THR:47:O","1ITB"
"hbss","B:GLN:236:NE2","B:THR:207:OG1","1ITB"
"hbss","A:ASP:54:OD2","A:SER:52:OG","1ITB"
"hbbb","B:GLU:100:N","B:TYR:105:O","1ITB"
"hbbb","B:THR:47:O","B:VAL:49:N","1ITB"
"hbbb","B:CYS:79:O","B:ILE:90:N","1ITB"
"hbbb","B:ALA:69:O","B:ASN:20:N","1ITB"
"hbbb","A:THR:79:O","A:VAL:72:N","1ITB"
"hbsb","B:ASN:299:ND2","B:THR:207:O","1ITB"
"hbbb","B:HIS:60:N","B:LYS:63:O","1ITB"
"hbss","B:ARG:25:NH2","B:SER:17:OG","1ITB"
"hbbb","A:GLN:149:O","A:THR:9:N","1ITB"
"hbbb","B:ILE:240:O","B:LYS:298:N","1ITB"
"hbbb","A:LEU:6:N","A:MET:44:O","1ITB"
"hbbb","B:LEU:123:O","B:LEU:164:N","1ITB"
"hbss","A:ASN:108:OD1","B:ASN:204:ND2","1ITB"
"hbbb","B:LYS:145:N","B:LYS:148:O","1ITB"
"hbss","B:ARG:174:NE","B:GLU:171:OE1","1ITB"
"hbsb","B:TYR:289:OH","B:VAL:221:O","1ITB"
"hbbb","B:ASN:232:O","B:VAL:212:N","1ITB"
"hbbb","B:LYS:63:O","B:TRP:65:N","1ITB"
"hbsb","A:ASN:119:N","A:GLU:113:OE2","1ITB"
"hbsb","B:ARG:9:NH1","B:VAL:81:N","1ITB"
"hbss","A:ARG:11:NH1","B:LYS:114:NZ","1ITB"
"hbbb","A:GLY:61:N","A:SER:43:O","1ITB"
"hbbb","B:ILE:284:N","B:SER:225:O","1ITB"
"hbbb","A:ARG:11:O","A:THR:147:N","1ITB"
"hbbb","B:LYS:95:O","B:SER:17:N","1ITB"
"hbbb","A:GLY:139:N","A:THR:137:O","1ITB"
"hbbb","B:ALA:94:N","B:GLY:75:O","1ITB"
"hbbb","B:THR:39:O","B:VAL:80:N","1ITB"
"hbbb","A:GLU:25:N","A:GLY:22:O","1ITB"
"hbbb","B:GLY:119:O","B:VAL:169:N","1ITB"
"hbss","A:GLU:128:OE1","A:HIS:30:ND1","1ITB"
"hbbb","A:PHE:133:N","A:SER:123:O","1ITB"
"hbsb","B:ASN:280:ND2","B:GLY:258:O","1ITB"
"hbsb","A:ARG:4:NH2","B:ASP:239:O","1ITB"
"hbsb","B:ARG:271:NH2","B:LYS:205:O","1ITB"
"hbsb","B:ARG:25:NH2","B:LEU:15:O","1ITB"
"hbbb","B:GLY:175:O","B:PHE:198:N","1ITB"
"hbbb","B:GLY:121:O","B:VAL:166:N","1ITB"
"hbbb","B:GLU:285:O","B:PHE:288:N","1ITB"
"hbbb","B:ILE:308:O","B:PHE:293:N","1ITB"
"hbbb","A:ALA:59:O","A:SER:45:N","1ITB"
"hbbb","A:GLN:34:O","A:MET:36:N","1ITB"
"hbbb","A:ALA:1:N","B:TYR:261:O","1ITB"
"hbss","B:GLN:189:NE2","B:THR:184:OG1","1ITB"
"hbsb","B:GLN:226:N","B:SER:225:OG","1ITB"
"hbbb","A:ASP:86:O","A:TYR:90:N","1ITB"
"hbbb","A:GLN:81:N","A:SER:70:O","1ITB"
"hbbb","A:LYS:97:O","A:VAL:100:N","1ITB"
"hbbb","B:PHE:111:N","B:VAL:195:O","1ITB"
"hbbb","B:TYR:183:O","B:TYR:190:N","1ITB"
"hbbb","A:GLU:111:N","A:ILE:104:O","1ITB"
"hbbb","B:ASP:260:O","B:VAL:278:N","1ITB"
"hbbb","B:LEU:201:O","B:VAL:117:N","1ITB"
"hbsb","B:GLN:59:NE2","B:TRP:40:O","1ITB"
"hbbb","A:PHE:133:O","A:SER:123:N","1ITB"
"hbbb","B:ILE:165:O","B:SER:158:N","1ITB"
"hbbb","B:ASN:280:O","B:GLY:258:N","1ITB"
"hbbb","B:CYS:87:N","B:SER:85:O","1ITB"
"hbsb","B:ASP:73:OD2","B:LYS:70:N","1ITB"
"hbss","B:GLN:142:OE1","B:TYR:144:OH","1ITB"
"hbbb","B:ARG:194:O","B:CYS:179:N","1ITB"
"hbss","A:ASP:35:OD2","A:GLN:34:NE2","1ITB"
"hbbb","A:ASN:7:O","A:VAL:151:N","1ITB"
"hbbb","B:LEU:275:N","B:VAL:233:O","1ITB"
"hbbb","A:LEU:29:N","A:SER:17:O","1ITB"
"hbbb","A:ARG:98:O","A:VAL:100:N","1ITB"
"hbbb","A:ILE:56:O","A:LYS:103:N","1ITB"
"hbbb","B:ILE:311:N","B:MET:219:O","1ITB"
"hbsb","B:GLN:309:NE2","B:LEU:310:N","1ITB"
"hbbb","B:ILE:196:O","B:TYR:177:N","1ITB"
"hbbb","B:ALA:215:N","B:SER:213:O","1ITB"
"hbsb","B:THR:37:O","B:THR:39:OG1","1ITB"
"hbsb","B:ARG:82:N","B:THR:37:OG1","1ITB"
"hbbb","A:GLY:135:O","A:TYR:121:N","1ITB"
"hbbb","B:ASP:73:N","B:LYS:70:O","1ITB"
"hbbb","B:ALA:181:N","B:ILE:192:O","1ITB"
"hbbb","B:ARG:25:N","B:LEU:64:O","1ITB"
"hbbb","B:HIS:58:O","B:TRP:65:N","1ITB"
"hbsb","B:ASN:136:O","B:LYS:132:NZ","1ITB"
"hbbb","B:ARG:163:N","B:LYS:161:O","1ITB"
"hbbb","B:GLY:175:N","B:PHE:198:O","1ITB"
"hbbb","B:ILE:227:N","B:ILE:281:O","1ITB"
"hbbb","B:ASN:266:O","B:ASN:269:N","1ITB"
"hbsb","B:GLU:134:OE2","B:THR:184:N","1ITB"
"hbbb","B:GLN:59:N","B:VAL:49:O","1ITB"
"hbbb","B:GLU:62:N","B:HIS:60:O","1ITB"
"hbbb","B:GLN:142:O","B:HIS:180:N","1ITB"
"hbss","B:ASP:44:OD1","B:LYS:46:NZ","1ITB"
"hbbb","B:ASP:260:N","B:VAL:278:O","1ITB"
"hbbb","B:THR:234:N","B:VAL:210:O","1ITB"
"hbbb","A:GLU:111:O","A:ILE:104:N","1ITB"
"hbbb","B:PHE:296:N","B:TYR:242:O","1ITB"
"hbsb","B:ARG:272:O","B:ASN:266:ND2","1ITB"
"hbbb","A:LEU:6:O","A:MET:44:N","1ITB"
"hbbb","B:ALA:306:O","B:CYS:295:N","1ITB"
"hbbb","B:LEU:115:O","B:LEU:201:N","1ITB"
"hbsb","B:ASN:299:OD1","B:HIS:301:N","1ITB"
"hbbb","A:ASP:12:N","A:LYS:16:O","1ITB"
"hbbb","B:ARG:272:N","B:ASN:269:O","1ITB"
"hbbb","A:ALA:28:O","A:ASN:129:N","1ITB"
"hbss","A:ARG:11:NH2","A:GLN:39:NE2","1ITB"
"hbss","A:LYS:93:NZ","B:GLU:259:OE2","1ITB"
"hbbb","A:ARG:11:N","A:THR:147:O","1ITB"
"hbss","B:ARG:25:NE","B:ASP:23:OD2","1ITB"
"hbbb","B:LYS:244:N","B:THR:294:O","1ITB"
"hbbb","A:LEU:110:N","A:PHE:146:O","1ITB"
"hbbb","A:LYS:63:N","A:VAL:41:O","1ITB"
"hbbb","A:ASN:102:O","A:GLU:113:N","1ITB"
"hbbb","A:LEU:29:O","A:SER:17:N","1ITB"
"hbsb","B:GLU:21:OE2","B:THR:193:N","1ITB"
"hbbb","B:GLU:197:N","B:PHE:111:O","1ITB"
"hbbb","B:THR:178:N","B:TYR:144:O","1ITB"
"hbsb","B:ASP:153:OD1","B:PHE:157:N","1ITB"
"hbsb","A:LYS:92:NZ","A:LYS:94:O","1ITB"
"hbsb","A:LYS:16:NZ","A:SER:125:O","1ITB"
"hbbb","B:SER:248:N","B:TRP:245:O","1ITB"
"hbbb","A:LEU:110:O","A:PHE:146:N","1ITB"
"hbsb","B:SER:263:OG","B:TYR:262:O","1ITB"
"hbsb","A:GLN:15:NE2","B:GLY:122:O","1ITB"
"hbsb","B:ASP:251:OD2","B:ASP:253:N","1ITB"
"hbbb","B:ILE:308:N","B:PHE:293:O","1ITB"
"hbsb","B:PHE:157:O","B:SER:158:OG","1ITB"
"hbsb","B:GLN:59:OE1","B:TRP:40:N","1ITB"
"hbbb","B:ILE:165:N","B:SER:158:O","1ITB"
"hbbb","B:GLY:235:O","B:SER:273:N","1ITB"
"hbss","A:GLN:14:OE1","B:ARG:163:NE","1ITB"
"hbbb","A:ALA:115:N","A:VAL:100:O","1ITB"
"hbbb","A:ILE:143:N","A:THR:124:O","1ITB"
"hbbb","A:THR:79:N","A:VAL:72:O","1ITB"
"hbbb","B:SER:286:O","B:TYR:289:N","1ITB"
"hbbb","B:CYS:87:O","B:LYS:7:N","1ITB"
"hbss","A:ASP:54:OD1","A:LYS:55:NZ","1ITB"
"hbbb","B:ASP:23:O","B:PHE:66:N","1ITB"
"hbbb","A:PHE:101:O","A:VAL:58:N","1ITB"
"hbbb","A:LYS:74:O","A:LYS:77:N","1ITB"
"hbbb","A:ASP:145:O","A:SER:13:N","1ITB"
"hbbb","A:LYS:74:N","A:LYS:77:O","1ITB"
"hbsb","A:GLU:128:OE1","B:TYR:127:N","1ITB"
"hbbb","B:ALA:297:N","B:ASP:304:O","1ITB"
"hbbb","A:GLN:81:O","A:SER:70:N","1ITB"
"hbss","B:ASN:280:OD1","B:GLN:228:NE2","1ITB"
"hbbb","B:ALA:306:N","B:CYS:295:O","1ITB"
"hbbb","B:GLN:309:O","B:MET:219:N","1ITB"
"hbbb","B:ARG:174:N","B:GLU:171:O","1ITB"
"hbss","A:ASN:129:ND2","A:LYS:27:NZ","1ITB"
"hbbb","A:ASN:89:N","A:ASP:86:O","1ITB"
"hbbb","B:LEU:229:N","B:LEU:279:O","1ITB"
"hbbb","B:GLU:217:N","B:TYR:307:O","1ITB"
"hbbb","A:LEU:18:O","A:VAL:40:N","1ITB"
"hbbb","A:SER:45:O","A:VAL:47:N","1ITB"
"hbss","B:LYS:42:NZ","B:THR:47:OG1","1ITB"
"hbsb","B:ARG:9:NH2","B:VAL:81:O","1ITB"
"hbbb","B:LYS:132:N","B:MET:128:O","1ITB"
"hbss","A:ARG:11:NH2","B:LYS:114:NZ","1ITB"
"hbsb","B:ARG:271:N","B:ASN:269:OD1","1ITB"
"hbss","B:ARG:56:NH2","B:ASP:73:OD1","1ITB"
"hbsb","A:LYS:94:N","B:GLU:252:OE1","1ITB"
"hbbb","A:GLU:83:O","A:TYR:68:N","1ITB"
"hbsb","A:ASP:12:OD1","A:LYS:16:N","1ITB"
"hbsb","B:ASN:168:N","B:ASP:120:OD1","1ITB"
"hbbb","A:GLY:33:N","B:ILE:110:O","1ITB"
"hbss","B:ARG:174:NE","B:THR:200:OG1","1ITB"
"hbbb","B:TYR:41:N","B:TYR:78:O","1ITB"
"hbss","B:ASP:43:OD2","B:HIS:76:ND1","1ITB"
"hbbb","B:ASP:162:O","B:CYS:125:N","1ITB"
"hbbb","B:ILE:276:N","B:TYR:262:O","1ITB"
"hbsb","B:ARG:194:NH2","B:TYR:127:O","1ITB"
"hbbb","B:SER:282:N","B:VAL:256:O","1ITB"
"hbsb","B:THR:39:OG1","B:VAL:80:O","1ITB"
"hbss","A:LYS:27:NZ","A:SER:21:OG","1ITB"
"hbbb","B:LEU:103:N","B:PRO:101:O","1ITB"
"hbss","B:ASN:299:ND2","B:ASP:239:OD1","1ITB"
"hbbb","B:ARG:9:O","B:LYS:91:N","1ITB"
"hbbb","A:PHE:101:N","A:VAL:58:O","1ITB"
"hbbb","B:ARG:163:O","B:VAL:160:N","1ITB"
"hbsb","B:ASP:153:OD1","B:HIS:156:N","1ITB"
"hbbb","B:ASN:20:N","B:PRO:68:O","1ITB"
"hbss","B:ASP:260:OD2","B:TYR:262:OH","1ITB"
"hbss","A:ASN:108:ND2","A:GLU:105:OE2","1ITB"
"hbsb","B:ASN:266:N","B:SER:273:OG","1ITB"
"hbsb","A:GLN:149:NE2","A:MET:148:O","1ITB"
"hbsb","B:GLY:247:O","B:SER:248:OG","1ITB"
"hbbb","B:ASN:280:N","B:GLY:258:O","1ITB"
"hbbb","B:GLN:309:N","B:GLU:217:O","1ITB"
"hbbb","B:GLU:137:N","B:LYS:132:O","1ITB"
"hbbb","A:ALA:1:O","B:TYR:261:N","1ITB"
"hbsb","B:ASN:83:ND2","B:GLY:36:O","1ITB"
"hbss","B:ARG:287:NE","B:GLU:285:OE1","1ITB"
"hbbb","A:PHE:117:O","A:TRP:120:N","1ITB"
"hbbb","B:THR:274:O","B:VAL:264:N","1ITB"
"hbbb","B:GLY:36:N","B:HIS:34:O","1ITB"
"hbsb","A:GLN:14:O","A:HIS:30:NE2","1ITB"
"hbsb","B:ALA:268:N","B:ASN:266:OD1","1ITB"
"hbsb","A:ALA:1:N","B:ASP:260:OD1","1ITB"
"hbsb","A:LYS:93:NZ","B:ILE:250:O","1ITB"
"hbss","B:ARG:271:NH2","B:GLN:236:NE2","1ITB"
"hbbb","B:THR:274:N","B:VAL:264:O","1ITB"
"hbbb","B:ILE:240:N","B:LYS:298:O","1ITB"
"hbsb","A:PHE:117:N","A:SER:114:OG","1ITB"
"hbbb","B:GLU:100:O","B:LEU:103:N","1ITB"
"hbbb","B:THR:178:O","B:TYR:144:N","1ITB"
"hbss","A:LYS:55:NZ","A:SER:52:OG","1ITB"
"hbbb","A:ASP:35:O","A:GLN:38:N","1ITB"
"hbss","B:ARG:287:NH2","B:GLU:285:OE1","1ITB"
"hbbb","B:CYS:79:N","B:ILE:90:O","1ITB"
"hbbb","A:LEU:62:O","A:LYS:65:N","1ITB"
"hbbb","A:GLN:38:N","A:MET:36:O","1ITB"
"hbsb","B:ASP:153:OD1","B:ILE:155:N","1ITB"
"hbss","B:HIS:180:NE2","B:THR:178:OG1","1ITB"
"hbbb","B:ILE:227:O","B:ILE:281:N","1ITB"
"hbbb","B:ARG:25:O","B:LEU:64:N","1ITB"
"hbsb","B:ASN:176:N","B:ASP:146:OD1","1ITB"
"hbsb","A:GLN:32:OE1","B:VAL:16:N","1ITB"
"hbbb","A:GLN:48:N","A:LYS:93:O","1ITB"
"hbsb","B:GLN:309:NE2","B:LEU:310:O","1ITB"
"hbbb","A:LYS:27:N","A:VAL:19:O","1ITB"
"hbsb","A:LYS:93:N","B:GLU:252:OE2","1ITB"
"hbbb","A:ASP:12:O","A:GLN:15:N","1ITB"
"hbbb","B:GLU:171:O","B:HIS:173:N","1ITB"
"hbbb","B:ASP:251:O","B:ASP:254:N","1ITB"
"hbsb","A:GLN:32:NE2","B:VAL:16:O","1ITB"
"hbsb","A:GLN:15:NE2","B:LYS:114:O","1ITB"
"hbbb","B:ASP:254:N","B:GLU:252:O","1ITB"
"hbbb","B:LEU:123:N","B:LEU:164:O","1ITB"
"hbsb","B:THR:277:O","B:TRP:243:NE1","1ITB"
"hbsb","A:GLY:135:N","A:SER:123:OG","1ITB"
"hbbb","B:ILE:38:N","B:THR:37:N","1ITB"
"hbbb","A:SER:114:N","A:TRP:120:O","1ITB"
"hbsb","B:GLN:113:NE2","B:VAL:124:O","1ITB"
"hbsb","A:ASP:12:OD1","A:GLN:14:N","1ITB"
"hbbb","A:LYS:27:O","A:VAL:19:N","1ITB"
"hbbb","B:ASN:299:O","B:GLY:302:N","1ITB"
"hbbb","B:GLU:203:O","B:LYS:205:N","1ITB"
"hbbb","B:ARG:194:N","B:CYS:179:O","1ITB"
"hbss","B:ASN:136:OD1","B:LYS:132:NZ","1ITB"
"hbbb","B:ALA:69:N","B:PHE:66:O","1ITB"
"hbsb","B:ASN:106:OD1","B:GLN:108:N","1ITB"
"hbbb","A:GLU:51:N","A:GLY:49:O","1ITB"
"hbbb","A:CYS:8:O","A:PHE:42:N","1ITB"
"hbbb","B:ASN:176:O","B:ASP:146:N","1ITB"
"hbbb","B:THR:234:O","B:VAL:210:N","1ITB"
"hbss","B:ASP:153:OD2","B:HIS:156:ND1","1ITB"
"hbbb","B:PHE:296:O","B:TYR:242:N","1ITB"
"hbbb","B:ALA:107:O","B:ILE:110:N","1ITB"
"hbsb","B:ASN:154:ND2","B:ASP:153:O","1ITB"
"hbbb","A:GLY:61:O","A:SER:43:N","1ITB"
"hbsb","B:ASN:106:ND2","B:GLU:98:O","1ITB"
"hbbb","B:ASP:153:N","B:LEU:151:O","1ITB"
"hbbb","B:CYS:231:N","B:THR:277:O","1ITB"
"hbbb","B:LEU:150:N","B:TRP:143:O","1ITB"
"hbbb","B:SER:17:O","B:VAL:97:N","1ITB"
"hbsb","B:ASN:216:OD1","B:TYR:307:N","1ITB"
"hbbb","B:ARG:287:O","B:LYS:290:N","1ITB"
"hbsb","B:GLN:59:NE2","B:PRO:48:O","1ITB"
"hbbb","A:ILE:122:N","A:PHE:112:O","1ITB"
"hbbb","B:LEU:229:O","B:LEU:279:N","1ITB"
"hbsb","B:HIS:291:O","B:TRP:245:NE1","1ITB"
"hbsb","A:ASN:108:O","A:LYS:109:NZ","1ITB"
"hbss","A:GLU:96:OE1","A:LYS:92:NZ","1ITB"
"hbbb","B:ILE:276:O","B:TYR:262:N","1ITB"
"hbsb","A:LYS:77:NZ","A:PRO:78:O","1ITB"
"hbbb","B:ALA:170:O","B:HIS:173:N","1ITB"
"hbss","B:ASN:246:ND2","B:HIS:291:ND1","1ITB"
"hbbb","B:ASP:239:N","B:GLN:236:O","1ITB"
"hbbb","B:GLN:113:N","B:GLU:197:O","1ITB"
"hbbb","B:GLU:52:O","B:SER:55:N","1ITB"
"hbbb","A:ALA:28:N","A:MET:130:O","1ITB"
"hbsb","A:GLU:128:N","B:GLU:129:OE1","1ITB"
"hbbb","B:HIS:156:O","B:MET:167:N","1ITB"
"hbbb","A:ARG:98:O","A:CYS:71:N","1ITB"
"hbbb","A:LEU:26:O","A:VAL:132:N","1ITB"
"hbbb","B:CYS:231:O","B:THR:277:N","1ITB"
"hbbb","A:ASP:35:N","A:GLN:32:O","1ITB"
"hbbb","B:ASN:216:N","B:PRO:214:O","1ITB"
"hbbb","B:ALA:19:N","B:VAL:97:O","1ITB"
"hbbb","A:ASP:54:N","A:SER:52:O","1ITB"
"hbbb","B:GLN:142:N","B:HIS:180:O","1ITB"
"hbsb","B:HIS:301:N","B:THR:300:OG1","1ITB"
"hbbb","A:GLU:96:O","A:PHE:99:N","1ITB"
"hbss","B:HIS:301:NE2","B:THR:300:OG1","1ITB"
"hbsb","B:LEU:186:O","B:LYS:188:NZ","1ITB"
"hbsb","A:GLU:128:OE2","A:HIS:30:N","1ITB"
"hbsb","B:GLU:259:OE1","B:TRP:243:N","1ITB"
"hbbb","A:CYS:8:N","A:PHE:42:O","1ITB"
"hbbb","B:LYS:145:O","B:LYS:148:N","1ITB"
"hbsb","B:ARG:25:NH1","B:LEU:15:O","1ITB"
"hbsb","B:ASP:254:OD1","B:LEU:257:N","1ITB"
"hbbb","B:GLY:235:N","B:SER:273:O","1ITB"
"hbss","B:GLU:33:OE1","B:LYS:35:NZ","1ITB"
"hbbb","B:ILE:92:N","B:TYR:77:O","1ITB"
"hbbb","B:ASN:133:N","B:PHE:130:O","1ITB"
"hbbb","A:ASN:102:N","A:GLU:113:O","1ITB"
"hbbb","A:GLY:135:N","A:TYR:121:O","1ITB"
"hbbb","B:ARG:163:N","B:VAL:160:O","1ITB"
"hbbb","B:ILE:311:O","B:VAL:221:N","1ITB"
"hbsb","B:GLU:283:N","B:SER:282:OG","1ITB"
"hbbb","B:TYR:41:O","B:TYR:78:N","1ITB"
"hbsb","B:GLN:59:N","B:HIS:58:ND1","1ITB"
"hbsb","B:ARG:194:NE","B:PRO:126:O","1ITB"
"hbbb","B:LEU:186:O","B:LYS:188:N","1ITB"
"hbbb","B:ALA:118:N","B:VAL:169:O","1ITB"
"hbbb","A:ILE:56:N","A:LYS:103:O","1ITB"
"hbss","B:ASN:32:ND2","B:TYR:86:OH","1ITB"
"hbbb","B:LYS:188:O","B:TYR:185:N","1ITB"
"hbbb","B:SER:248:O","B:TRP:245:N","1ITB"
"hbbb","A:PHE:150:O","A:SER:152:N","1ITB"
"hbbb","B:SER:74:N","B:VAL:71:O","1ITB"
"hbbb","B:LYS:244:O","B:THR:294:N","1ITB"
"hbsb","B:LYS:270:O","B:SER:273:OG","1ITB"
"hbbb","A:ILE:106:N","A:LYS:109:O","1ITB"
"hbsb","B:ASP:23:OD1","B:VAL:24:N","1ITB"
"hbbb","A:GLU:83:N","A:TYR:68:O","1ITB"
"hbbb","A:ALA:59:N","A:SER:45:O","1ITB"
"hbbb","B:HIS:58:N","B:TRP:65:O","1ITB"
"hbsb","A:ARG:4:O","A:SER:5:OG","1ITB"
"hbbb","A:ILE:143:O","A:THR:124:N","1ITB"
"hbbb","B:ALA:181:O","B:ILE:192:N","1ITB"
"wb","B:ASN:154:ND2","B:LEU:152:O","1ITB"
"","","","1ITB"
"wb","B:ASP:146:N","B:THR:178:OG1","1ITB"
"","","","1ITB"
"wb","B:ASP:146:N","B:TYR:144:O","1ITB"
"","","","1ITB"
"wb","B:ASP:146:N","B:CYS:147:N","1ITB"
"","","","1ITB"
"wb","B:ASN:176:O","B:ASP:146:N","1ITB"
"","","","1ITB"
"wb","B:THR:178:OG1","B:TYR:144:O","1ITB"
"","","","1ITB"
"wb","B:CYS:147:N","B:THR:178:OG1","1ITB"
"","","","1ITB"
"wb","B:ASN:176:O","B:THR:178:OG1","1ITB"
"","","","1ITB"
"wb","B:CYS:147:N","B:TYR:144:O","1ITB"
"","","","1ITB"
"wb","B:ASN:176:O","B:TYR:144:O","1ITB"
"","","","1ITB"
"wb","B:ASN:176:O","B:CYS:147:N","1ITB"
"","","","1ITB"
"wb","B:ARG:163:NH2","B:GLY:122:N","1ITB"
"","","","1ITB"
"wb","A:ILE:122:O","A:PHE:112:N","1ITB"
"","","","1ITB"
"wb","B:ILE:276:O","B:TYR:262:O","1ITB"
"","","","1ITB"
"wb","B:THR:277:OG1","B:TYR:262:O","1ITB"
"","","","1ITB"
"wb","B:ILE:276:O","B:THR:277:OG1","1ITB"
"","","","1ITB"
"wb","A:MET:130:O","A:SER:125:N","1ITB"
"","","","1ITB"
"wb","A:ARG:4:NE","B:ALA:241:N","1ITB"
"","","","1ITB"
"sb","B:ARG:137:NH1","B:GLU:173:OE1","3O4O"
"sb","B:ARG:308:NH2","B:ASP:265:OD1","3O4O"
"sb","A:LYS:109:NZ","B:GLU:132:OE2","3O4O"
"sb","C:ARG:27:NH2","C:ASP:141:OD2","3O4O"
"sb","B:ARG:71:NH2","B:ASP:88:OD1","3O4O"
"sb","C:ASP:188:OD2","C:LYS:169:NZ","3O4O"
"sb","C:GLU:187:OE1","C:LYS:169:NZ","3O4O"
"sb","B:ARG:315:NH2","B:GLU:259:OE2","3O4O"
"sb","A:ARG:98:NH1","A:GLU:83:OE2","3O4O"
"sb","C:ARG:214:NH2","C:GLU:212:OE2","3O4O"
"sb","B:GLU:240:OE2","B:LYS:236:NZ","3O4O"
"sb","A:ASP:54:OD2","B:ARG:286:NH1","3O4O"
"sb","B:ASP:77:OD2","B:LYS:76:NZ","3O4O"
"sb","C:ARG:27:NH2","C:GLU:25:OE2","3O4O"
"sb","B:GLU:288:OE2","B:LYS:128:NZ","3O4O"
"sb","A:ARG:98:NH2","A:GLU:83:OE1","3O4O"
"sb","B:ASP:275:OD2","B:LYS:299:NZ","3O4O"
"sb","A:ASP:35:OD1","C:ARG:24:NH2","3O4O"
"sb","B:ARG:71:NH1","B:ASP:88:OD1","3O4O"
"sb","B:ARG:82:NH1","B:GLU:75:OE1","3O4O"
"sb","A:GLU:105:OE1","A:LYS:103:NZ","3O4O"
"sb","C:ARG:16:NH1","C:ASP:104:OD1","3O4O"
"sb","B:ARG:71:NH2","B:ASP:88:OD2","3O4O"
"sb","B:ARG:82:NH2","B:GLU:198:OE2","3O4O"
"sb","B:GLU:21:OE1","B:LYS:114:NZ","3O4O"
"sb","C:GLU:201:OE2","C:HIS:200:NE2","3O4O"
"sb","B:ARG:292:NH2","B:GLU:290:OE1","3O4O"
"sb","A:ARG:98:NH1","A:GLU:83:OE1","3O4O"
"sb","B:ARG:315:NH2","B:GLU:259:OE1","3O4O"
"sb","C:GLU:187:OE2","C:LYS:169:NZ","3O4O"
"sb","A:GLU:25:OE2","A:LYS:27:NZ","3O4O"
"sb","B:GLU:288:OE1","B:LYS:128:NZ","3O4O"
"sb","C:ASP:141:OD2","C:LYS:23:NZ","3O4O"
"sb","A:ARG:98:NH2","A:GLU:96:OE2","3O4O"
"sb","C:ARG:147:NH2","C:GLU:144:OE2","3O4O"
"pc","C:LYS:246:NZ","C:TYR:285:CE1","3O4O"
"pc","C:ARG:147:NH1","C:TRP:43:CD2","3O4O"
"pc","B:ARG:82:NH2","B:TRP:80:CD2","3O4O"
"pc","B:ARG:207:NH1","B:TYR:146:CE1","3O4O"
"pc","C:HIS:200:ND1","C:TRP:81:CD2","3O4O"
"pc","B:ARG:82:NH1","B:TRP:80:CD2","3O4O"
"pc","C:HIS:21:ND1","C:TYR:22:CE1","3O4O"
"pc","C:HIS:21:NE2","C:TYR:22:CE1","3O4O"
"pc","B:HIS:313:ND1","B:TRP:261:CD2","3O4O"
"pc","C:ARG:147:NH2","C:TRP:43:CD2","3O4O"
"pc","C:HIS:200:NE2","C:TRP:81:CD2","3O4O"
"pc","B:LYS:326:NZ","B:TYR:310:CE1","3O4O"
"pc","B:ARG:201:NH2","B:PHE:203:CE1","3O4O"
"pc","B:HIS:313:NE2","B:TRP:261:CD2","3O4O"
"pc","A:LYS:94:NZ","C:HIS:267:CD2","3O4O"
"pc","B:HIS:231:ND1","C:PHE:248:CE1","3O4O"
"pc","C:LYS:58:NZ","C:TYR:93:CE1","3O4O"
"pc","B:LYS:114:NZ","B:PHE:18:CE1","3O4O"
"pc","B:HIS:231:NE2","C:PHE:248:CE1","3O4O"
"pc","B:ARG:201:NH1","B:PHE:203:CE1","3O4O"
"pc","C:ARG:111:NH2","C:PHE:113:CE1","3O4O"
"pc","B:ARG:207:NH2","B:TYR:146:CE1","3O4O"
"pc","C:LYS:158:NZ","C:TYR:192:CE1","3O4O"
"pc","C:ARG:36:NH2","C:TRP:45:CD2","3O4O"
"pc","C:HIS:316:NE2","C:PHE:321:CE1","3O4O"
"ps","B:HIS:313:CD2","B:TRP:261:CD2","3O4O"
"ps","B:PHE:107:CE1","B:TYR:92:CE1","3O4O"
"ps","B:HIS:231:CD2","C:PHE:248:CE1","3O4O"
"ps","B:PHE:147:CE1","B:TYR:196:CE1","3O4O"
"ps","C:TRP:43:CD2","C:TRP:45:CD2","3O4O"
"ts","C:HIS:316:CD2","C:PHE:321:CE1","3O4O"
"ts","C:HIS:267:CD2","C:TRP:260:CD2","3O4O"
