,frame,atom1,atom2
1,0,A:ASP:35,C:ARG:24
2,0,A:LYS:94,C:HIS:267
3,0,A:SER:21,C:GLN:39
4,0,A:SER:21,C:TYR:22
5,0,A:TYR:24,C:GLN:39
6,0,A:GLN:38,C:TYR:22
7,0,A:GLN:34,C:ARG:24
8,0,A:ASP:35,C:TYR:22
9,0,A:ASP:35,C:LYS:23
10,0,A:GLN:34,C:PHE:26
11,0,A:LYS:27,C:TYR:22
12,0,A:LYS:27,C:GLN:39
13,0,A:LEU:29,C:TYR:22
14,0,A:ASN:129,C:TYR:22
15,0,A:GLN:32,C:PHE:26
16,0,A:GLN:32,C:ARG:27
17,0,A:GLN:32,C:TYR:125
18,0,A:MET:36,C:PRO:126
19,0,A:GLY:33,C:SER:124
20,0,A:GLY:33,C:PRO:126
21,0,A:LEU:31,C:TYR:125
22,0,A:LEU:31,C:PRO:126
23,0,A:GLN:32,C:SER:124
24,0,A:HIS:30,C:LYS:23
25,0,A:MET:130,C:LEU:44
26,0,A:GLN:32,C:ILE:123
27,0,A:LYS:93,C:GLU:269
28,0,A:ARG:4,C:ARG:282
29,0,A:HIS:30,C:PRO:140
30,0,A:HIS:30,C:VAL:138
31,0,A:GLU:128,C:ASP:141
32,0,A:GLU:128,C:LEU:142
33,0,A:ARG:4,C:MET:258
34,0,A:PHE:46,C:MET:258
35,0,A:GLN:15,C:ILE:128
36,0,A:GLN:15,C:GLN:127
37,0,A:ARG:11,C:PRO:126
38,0,A:GLN:14,C:VAL:138
39,0,A:GLN:15,C:VAL:136
40,0,A:GLN:48,C:TRP:260
41,0,A:GLN:48,C:HIS:267
42,0,A:LYS:103,C:THR:2561
43,0,A:GLN:15,C:LEU:129
44,0,A:SER:13,C:VAL:136
45,0,A:GLN:14,C:HIS:178
46,0,A:GLU:51,C:PHE:321
47,0,A:GLU:51,C:TRP:260
48,0,A:ILE:56,C:HIS:316
49,0,A:ILE:56,C:THR:2561
50,0,A:SER:52,C:HIS:316
51,0,A:ASN:107,C:LYS:218
52,0,A:ASN:53,C:PHE:321